1	0.00915046	0.00955875	0.0186857
2	0.00991017	0.0114516	0.0261991
3	0.0175338	0.0179315	0.0224052
4	0.0146466	0.0161703	0.042292
5	0.0135381	0.0140795	0.0156581
6	0.0123288	0.0125194	0.0226252
7	0.017476	0.0185154	0.0181703
8	0.0265292	0.0285927	0.0421822
9	0.00800096	0.00872642	0.019025
10	0.00697112	0.00792904	0.0164535
11	0.0163666	0.0170301	0.0225606
12	0.0136354	0.0142017	0.0212571
13	0.0199537	0.0208718	0.0380975
14	0.0112437	0.0119	0.0214046
15	0.0205339	0.0214415	0.0175108
16	0.0114679	0.012046	0.0270594
17	0.0370887	0.0381013	0.0365869
18	0.011143	0.0113345	0.0193715
19	0.0132289	0.0140266	0.0237657
20	0.0270106	0.0276335	0.0313413
21	0.0348425	0.0359985	0.044502
22	0.0142651	0.0145693	0.0193517
23	0.0130348	0.0140579	0.0211257
24	0.0135773	0.0140403	0.017509
25	0.0102391	0.010662	0.022608
26	0.0151749	0.0164794	0.0194975
27	0.0199133	0.0206853	0.0344661
28	0.0182866	0.0191089	0.0180761
29	0.0161465	0.0176146	0.0198305
30	0.0172343	0.0179735	0.0148103
31	0.0327913	0.0356122	0.039289
32	0.0185727	0.0197275	0.0197332
33	0.0265233	0.0285014	0.0417968
34	0.0153172	0.015802	0.019264
35	0.0114673	0.0120641	0.0259321
36	0.024358	0.0264223	0.0393587
37	0.0111005	0.0115293	0.0179308
38	0.0179904	0.0198243	0.036632
39	0.0132294	0.0143038	0.02108
40	0.0210628	0.0230061	0.0465234
41	0.0114205	0.0118243	0.0142732
42	0.0138663	0.0154916	0.041559
43	0.0113885	0.0117736	0.0217046
44	0.0110267	0.0116145	0.0242013
45	0.027135	0.0278686	0.0385132
46	0.00917763	0.0102992	0.0188754
47	0.00934283	0.00941454	0.0205575
48	0.0264405	0.0284208	0.0386552
49	0.0112294	0.0115536	0.0182331
50	0.0161844	0.0168341	0.0152601
51	0.014179	0.0153381	0.0177738
52	0.00821408	0.00913813	0.0229646
53	0.0165605	0.0182862	0.0443761
54	0.0107165	0.0116604	0.0225558
55	0.00935946	0.0100337	0.0205555
56	0.0133658	0.0139747	0.017539
57	0.034434	0.0356587	0.0297428
58	0.00965917	0.0105415	0.0213978
59	0.039112	0.0402274	0.0365172
60	0.0130742	0.0144781	0.0183514
61	0.014033	0.014772	0.0220242
62	0.0109997	0.0114175	0.017957
63	0.030223	0.0330363	0.0354606
64	0.0282636	0.0294906	0.0391907
65	0.0132383	0.0143632	0.0203372
66	0.0203716	0.0207208	0.0379939
67	0.017618	0.018713	0.0221846
68	0.0284645	0.0297138	0.0418544
69	0.0264305	0.0270563	0.0390732
70	0.0199892	0.0205941	0.0394784
71	0.0206015	0.022668	0.0453843
72	0.0195049	0.0206734	0.0178489
73	0.0172321	0.0189345	0.0365123
74	0.0104169	0.011281	0.0225967
75	0.0101246	0.0110434	0.0190003
76	0.0350729	0.0359442	0.0374722
77	0.0152265	0.0165716	0.0149206
78	0.0153247	0.0157035	0.0197787
79	0.0208187	0.0226461	0.0439396
80	0.0202513	0.021932	0.03789
81	0.011192	0.0114771	0.0177207
82	0.0286868	0.0290688	0.0425825
83	0.0114329	0.011556	0.0185908
84	0.0286343	0.030677	0.0362286
85	0.011351	0.0117882	0.0142247
86	0.0110955	0.0116346	0.0194219
87	0.0143069	0.0147127	0.0217285
88	0.00996396	0.0111154	0.0255348
89	0.0121618	0.013978	0.0264442
90	0.0194781	0.0211067	0.0212472
91	0.0105172	0.0106015	0.0220915
92	0.019661	0.0201876	0.0189124
93	0.0305567	0.0315463	0.0358845
94	0.011402	0.0124137	0.0216362
95	0.0468126	0.0424284	0.0434332
96	0.0282766	0.0294032	0.0392971
97	0.0408818	0.0424473	0.0431804
98	0.0122612	0.0134752	0.0207283
99	0.038732	0.0416457	0.0422842
100	0.0154682	0.015781	0.0196601
101	8.33e-07	3.34e-07	3.75e-07
102	0.0171309	0.0176189	0.0223195
103	0.0270664	0.0284415	0.0430815
104	0.0391369	0.0403491	0.0375148
105	0.0103322	0.0107388	0.0185649
106	0.0328841	0.0352079	0.0363568
107	0.0350571	0.0359553	0.037847
108	0.0174812	0.0179415	0.0187479
109	0.0256839	0.0261493	0.0431026
110	0.0142653	0.0154291	0.0161936
111	0.0348342	0.0374917	0.0444723
112	0.0069645	0.00766671	0.0132319
113	0.0287006	0.0305978	0.0352588
114	0.0205968	0.0213233	0.0216121
115	0.0125006	0.0135592	0.0216739
116	0.0164732	0.0175395	0.0143643
117	0.0109781	0.0114654	0.0196215
118	0.0286446	0.029482	0.0362435
119	0.0225413	0.0226347	0.0350829
120	0.0185793	0.0191278	0.0450023
121	0.0141621	0.0147444	0.0194393
122	0.0142872	0.0147738	0.0209837
123	4.17e-07	6.67e-07	3.33e-07
124	0.0179428	0.0199663	0.0374302
125	0.011055	0.0115389	0.0221331
126	0.0227905	0.0233523	0.0424086
127	0.034987	0.0358485	0.0363658
128	0.0328773	0.0351812	0.0290159
129	0.028752	0.0294216	0.0464153
130	0.0268595	0.0286118	0.0408136
131	0.0232475	0.0235978	0.0423425
132	0.0247775	0.0249012	0.0518565
133	0.0333295	0.0337577	0.0398052
134	0.0227257	0.0230558	0.0359831
135	0.00842371	0.00840963	0.022959
136	0.0119948	0.0127978	0.0211596
137	0.0254027	0.0256268	0.0369045
138	0.0135391	0.0143509	0.0183897
139	0.0227117	0.0228728	0.0389534
140	0.00939729	0.0102271	0.0205328
141	0.0103172	0.0114369	0.0185056
142	0.0210277	0.0228834	0.0461104
143	0.0223985	0.0240981	0.0398472
144	0.0249859	0.0269623	0.0433543
145	0.0141281	0.0147299	0.0201197
146	0.0303318	0.0314829	0.0387655
147	0.0112929	0.011784	0.0201536
148	0.0100384	0.0103405	0.0172163
149	0.0235098	0.0240693	0.051588
150	0.011206	0.0115005	0.0179215
151	0.036973	0.0379827	0.0361586
152	0.0173909	0.0180401	0.0165273
153	0.00955108	0.0103703	0.024323
154	0.013732	0.0148063	0.0244535
155	0.0116603	0.0119566	0.0259534
156	0.0207431	0.0219194	0.0192236
157	0.0186746	0.0191415	0.0416059
158	0.0105342	0.0113615	0.0199383
159	0.0122307	0.0132812	0.0193345
160	0.00953008	0.010454	0.0253417
161	0.0129998	0.0142745	0.0247213
162	0.0124531	0.0135551	0.0189278
163	0.0152888	0.016458	0.0194198
164	0.0104267	0.0106825	0.0221293
165	0.0206747	0.0212408	0.0302855
166	0.0186886	0.0190462	0.0372619
167	0.018353	0.0190172	0.0206255
168	0.0269068	0.0277609	0.0386016
169	0.0112768	0.0117967	0.0142329
170	0.00725396	0.00807217	0.021058
171	0.0349526	0.035986	0.0298071
172	0.00693342	0.00710879	0.0206652
173	0.0223399	0.0227555	0.0360456
174	0.0246133	0.024987	0.0455541
175	0.019441	0.0207558	0.0168534
176	0.0371731	0.0381367	0.0412065
177	0.0205968	0.021895	0.0168003
178	0.00730263	0.00821404	0.0182509
179	0.0174512	0.0185535	0.0223046
180	0.0195821	0.0202427	0.0184774
181	0.0112071	0.0114202	0.0177887
182	0.032691	0.0352212	0.0380063
183	0.0154383	0.0159457	0.0168877
184	0.0124478	0.0128973	0.0206871
185	0.0151132	0.0158467	0.0193808
186	0.0134955	0.0141755	0.0231256
187	0.0136023	0.0141701	0.0194502
188	0.0143517	0.0154237	0.0176468
189	0.020022	0.0209417	0.0380788
190	0.012507	0.012733	0.0184603
191	0.0105898	0.0109358	0.0258405
192	0.009965	0.0109169	0.0113605
193	0.0224355	0.0242349	0.026716
194	0.0179158	0.0196913	0.0416476
195	0.0140444	0.0147579	0.0215548
196	0.0162165	0.0175653	0.0181068
197	0.0170643	0.018788	0.045144
198	0.0196323	0.0201862	0.0195922
199	3.34e-07	2.91e-07	4.17e-07
200	0.0175085	0.018009	0.0148856
201	0.00832025	0.00919133	0.0169325
202	0.039039	0.0403543	0.0375502
203	0.0132754	0.0146106	0.0214558
204	0.00909796	0.0100891	0.0236142
205	0.00562279	0.00642679	0.0196564
206	0.0285358	0.0308642	0.046418
207	0.0130549	0.0143299	0.0142565
208	0.0326262	0.0338175	0.0409138
209	0.0173625	0.0179587	0.0148876
210	0.0295803	0.0303659	0.0403512
211	0.0111542	0.0114808	0.0176724
212	0.015389	0.0157266	0.0178941
213	0.0140665	0.0152518	0.0174654
214	0.0091755	0.00950996	0.0257919
215	0.0119902	0.0131576	0.0200548
216	0.0122226	0.0138061	0.0364233
217	0.0142515	0.0152976	0.017688
218	0.00554875	0.00647875	0.0197289
219	0.0132233	0.0136352	0.0237893
220	0.00935229	0.00956171	0.0189984
221	0.0111988	0.0115354	0.0222715
222	0.027296	0.0277499	0.0349376
223	0.0143323	0.015354	0.0233555
224	0.0174798	0.0179744	0.0168143
225	0.0185635	0.0191163	0.0222969
226	0.0122528	0.0132525	0.0158767
227	0.0206966	0.0219184	0.0167292
228	0.0310825	0.0328785	0.0354914
229	0.0132817	0.0142963	0.0142484
230	0.024653	0.0253808	0.0368881
231	0.0193119	0.0201407	0.0182091
232	0.016472	0.0169149	0.0266115
233	0.0325961	0.0349032	0.0447237
234	0.0248927	0.0255928	0.035072
235	0.028431	0.0307507	0.0354126
236	0.0141628	0.0154383	0.0184324
237	2.91e-07	5e-07	5.42e-07
238	0.0127786	0.0135222	0.0223464
239	0.0103555	0.0113068	0.0202808
240	0.0186129	0.0191381	0.0184814
241	0.0222559	0.0241285	0.0317761
242	0.0283234	0.0294147	0.0466475
243	0.013709	0.0155219	0.0331062
244	0.0153989	0.015982	0.0213368
245	0.0135558	0.0140548	0.0174787
246	0.0254566	0.0262868	0.0431414
247	0.0122161	0.0130428	0.0200277
248	0.028555	0.0308881	0.0267616
249	0.0370964	0.0381156	0.0410572
250	0.0328345	0.0353697	0.0431229
251	0.0264962	0.0287073	0.0354199
252	0.0175741	0.0181203	0.0149745
253	0.0130655	0.0143837	0.0210238
254	0.00927692	0.00958921	0.0225896
255	0.0164343	0.0167874	0.0181221
256	0.0180095	0.0183306	0.0415534
257	0.0183087	0.0189973	0.0415152
258	0.0162099	0.0176236	0.0265439
259	0.0194428	0.0208545	0.0169926
260	0.0174687	0.0179643	0.0149825
261	0.026296	0.0271329	0.047327
262	0.0229481	0.0248206	0.0359507
263	0.0139513	0.0155061	0.0263995
264	0.0115164	0.012501	0.0185556
265	0.00501658	0.00570013	0.013066
266	0.010148	0.0110518	0.0208267
267	0.0105935	0.011861	0.0254835
268	0.0178538	0.0185068	0.0452029
269	0.00906004	0.00916117	0.0191585
270	0.0148365	0.0165457	0.0352862
271	0.0125087	0.0135186	0.0208851
272	0.00905046	0.00921246	0.0217486
273	0.0124709	0.0138664	0.0350401
274	0.0174399	0.0177745	0.0238034
275	0.0143553	0.0160766	0.0361332
276	0.011468	0.0123262	0.0209615
277	0.0122203	0.0131803	0.0204237
278	0.0175518	0.0179494	0.0232271
279	0.00812804	0.00911188	0.0226453
280	0.00840229	0.00935017	0.0239322
281	0.00969396	0.010577	0.0211574
282	0.0132597	0.01374	0.0209147
283	0.0250264	0.0255562	0.0361007
284	0.0211899	0.0216151	0.0524685
285	0.0295528	0.0304209	0.0411737
286	0.014465	0.016099	0.0304812
287	0.00344329	0.00429	0.00731633
288	0.0182184	0.019748	0.0391891
289	0.0109838	0.0120617	0.0202248
290	0.0128302	0.0132369	0.0220274
291	0.0133231	0.0136582	0.0227107
292	0.0283588	0.0291825	0.040179
293	0.0209692	0.0226378	0.0336999
294	0.00902533	0.00998454	0.017078
295	0.0141172	0.0147715	0.0219321
296	0.00927792	0.00942717	0.0211852
297	0.0182396	0.019004	0.0226867
298	0.01716	0.0189235	0.030361
299	0.008451	0.00950533	0.0185033
300	0.0232325	0.0242045	0.0641195
301	0.0131935	0.0143103	0.0239788
302	0.0265308	0.0283825	0.0433103
303	0.0111262	0.0114364	0.0182043
304	0.01961	0.0204523	0.0172295
305	0.0104001	0.0113252	0.0220782
306	0.0122615	0.0126794	0.022838
307	0.0306825	0.0316717	0.0335677
308	0.00933083	0.00953879	0.0208873
309	0.00723721	0.00805746	0.0167993
310	0.00987738	0.0113963	0.0261765
311	0.01038	0.0106479	0.0227653
312	0.0202875	0.0206912	0.0345448
313	0.0102727	0.0110829	0.0175516
314	0.00556004	0.00641079	0.0195975
315	0.0192657	0.0202128	0.018941
316	0.0246261	0.0270375	0.0413377
317	0.0183838	0.0192543	0.0150023
318	0.0103065	0.0113232	0.0199036
319	0.0140437	0.0153833	0.0192597
320	0.0222112	0.0229577	0.0353361
321	0.012132	0.0132051	0.0201018
322	0.0151113	0.0165154	0.0179965
323	0.0135561	0.0138488	0.0156738
324	0.0227646	0.0235512	0.0434714
325	0.0413242	0.0424467	0.0307904
326	0.00919787	0.0095325	0.0204258
327	0.0227357	0.0234381	0.0430374
328	0.018834	0.0208366	0.0507909
329	0.0112497	0.0118792	0.021284
330	0.0185635	0.0190966	0.0210185
331	0.0196428	0.0202359	0.0138347
332	0.0152799	0.015657	0.021509
333	0.0164674	0.0174821	0.0156579
334	0.0175145	0.0187032	0.0223578
335	0.0346836	0.0359857	0.0333654
336	0.00802458	0.00890017	0.0147915
337	0.00807079	0.00884646	0.018976
338	0.0174156	0.0179693	0.0167987
339	0.0288068	0.0307378	0.0464075
340	0.017525	0.0179092	0.0159751
341	0.0160038	0.0176699	0.0444824
342	0.0121946	0.0131742	0.0218585
343	0.014299	0.0153985	0.0162103
344	0.0235785	0.0241377	0.0453235
345	0.00720542	0.00806225	0.0211196
346	0.0153496	0.0159775	0.0191992
347	0.026417	0.0283132	0.0386027
348	0.0288417	0.030748	0.0467492
349	0.0212208	0.0214717	0.0517927
350	0.0128256	0.0131735	0.022669
351	0.0142515	0.014657	0.020175
352	0.0178793	0.019857	0.0366045
353	0.0124017	0.0132343	0.0158849
354	0.0132085	0.0142286	0.022556
355	0.0205005	0.0211402	0.0430573
356	0.0103672	0.0106593	0.0183185
357	0.00956937	0.009984	0.0244496
358	0.0283946	0.0292144	0.0467747
359	0.010205	0.011308	0.0202399
360	0.0185034	0.0190462	0.0409567
361	0.00826442	0.00931258	0.0140538
362	0.0121893	0.0131888	0.0260682
363	0.0154128	0.0159805	0.0168087
364	0.037009	0.0381384	0.0392122
365	0.0221745	0.0226872	0.036259
366	0.0251771	0.0274368	0.0454302
367	0.0186531	0.0190212	0.0412494
368	0.0114946	0.0118152	0.0142124
369	0.00696242	0.00775783	0.0131356
370	0.0128107	0.0130986	0.0215671
371	0.0132334	0.0136331	0.0205719
372	0.0119084	0.0124236	0.026029
373	0.0110415	0.0113963	0.0179842
374	0.0230995	0.0238045	0.0471472
375	0.0174236	0.0180878	0.0181227
376	0.0225874	0.0233711	0.0283496
377	0.0130836	0.0143284	0.0176362
378	0.012746	0.013061	0.0216335
379	0.0203977	0.0212205	0.0215512
380	0.0112511	0.012415	0.0216859
381	0.0100211	0.0110583	0.0193721
382	0.0114308	0.0117617	0.0178645
383	0.00686229	0.00765375	0.0206438
384	0.0150918	0.0158783	0.0195113
385	0.00804662	0.00886862	0.014687
386	0.0120647	0.013192	0.0193629
387	0.0148029	0.0165477	0.0364736
388	0.0274304	0.0283512	0.0388618
389	0.0109805	0.0121983	0.0242145
390	0.0122816	0.012844	0.0170569
391	0.0253185	0.0273889	0.0488917
392	0.0202605	0.0205812	0.0346286
393	0.0203928	0.021349	0.0174748
394	0.00386237	0.00520329	0.0140858
395	0.0117875	0.0120491	0.0258282
396	0.0133055	0.0136874	0.0206106
397	5e-07	5.84e-07	5.42e-07
398	0.00693	0.0076715	0.0207244
399	0.0206412	0.0218067	0.0185348
400	0.0184217	0.0195653	0.0195789
401	0.00611546	0.00696067	0.0181698
402	0.0222371	0.024096	0.0486988
403	0.0367225	0.0379604	0.0298614
404	0.028724	0.0292547	0.0268582
405	0.0197237	0.0200905	0.016703
406	0.0164734	0.0177489	0.0223661
407	0.0136702	0.0142426	0.024417
408	0.0116509	0.0117137	0.0217268
409	0.0389987	0.0415719	0.0335398
410	0.0102189	0.010255	0.0201264
411	0.0148267	0.0152625	0.020331
412	0.0302415	0.0316509	0.0382513
413	0.0282639	0.0305907	0.0394946
414	0.0432626	0.0477491	0.0378127
415	0.0116778	0.0137228	0.0228379
416	0.0281216	0.0311438	0.0467044
417	0.00816421	0.00911675	0.0228484
418	0.0112949	0.0117764	0.0184309
419	0.0143234	0.0146089	0.0194295
420	5.84e-07	5e-07	3.34e-07
421	0.0245245	0.0263115	0.0400785
422	0.0143865	0.0154386	0.0162218
423	0.0248216	0.0255841	0.0350493
424	0.0175288	0.0187163	0.0181788
425	0.0187131	0.0207012	0.0374821
426	0.0204159	0.0206042	0.0396598
427	0.0162004	0.0175719	0.0184448
428	0.0161861	0.0175283	0.0183958
429	0.0206937	0.0212015	0.0452879
430	0.0286991	0.0293912	0.0417297
431	0.0154119	0.0158285	0.019787
432	0.0166316	0.0182348	0.04065
433	0.00353017	0.00412221	0.00729304
434	0.035071	0.0357184	0.0444939
435	0.0207386	0.0224748	0.0453817
436	0.0199521	0.0203539	0.0196925
437	0.00921058	0.0102565	0.0202024
438	0.0268289	0.0278433	0.0347224
439	0.020133	0.0207497	0.0394744
440	0.0164962	0.0177697	0.0190345
441	0.011651	0.0119964	0.0271344
442	0.0184675	0.0204693	0.0516788
443	0.0112395	0.0118051	0.0185698
444	0.0174745	0.0180109	0.0181209
445	0.0112924	0.01142	0.039617
446	0.0137497	0.0142219	0.0231717
447	0.00564533	0.00647387	0.019602
448	0.0114166	0.0117659	0.0213675
449	0.0250131	0.0255559	0.0369035
450	6.66e-07	4.17e-07	5.42e-07
451	0.012512	0.0134917	0.0216446
452	0.0164505	0.0175101	0.0205003
453	0.0165726	0.0184426	0.033817
454	0.013187	0.0143354	0.0238012
455	0.0153267	0.0164484	0.018689
456	0.0136439	0.0142738	0.0213995
457	0.0101993	0.0113142	0.0201881
458	0.0206155	0.0212657	0.0304257
459	0.0132396	0.0142813	0.0197816
460	0.0121766	0.0139051	0.0363027
461	0.00817071	0.00918688	0.0221072
462	0.0113425	0.0118804	0.0213472
463	0.0206931	0.0219442	0.0192042
464	0.0185928	0.0191538	0.0375151
465	0.014318	0.0154255	0.0226028
466	0.0135992	0.0139413	0.0175304
467	0.0080435	0.00887008	0.0171322
468	0.0305128	0.0330613	0.034508
469	0.0153828	0.0165063	0.021237
470	0.0107192	0.011534	0.0240296
471	0.00805708	0.00876313	0.0224288
472	0.0184051	0.0191356	0.018161
473	0.0207563	0.0228375	0.0372889
474	0.0132711	0.0140909	0.0203813
475	0.0371729	0.03827	0.0446267
476	0.017555	0.0185615	0.0201917
477	0.0186844	0.0197967	0.0182379
478	0.0350969	0.0363228	0.0403308
479	0.0287883	0.0307745	0.026771
480	0.0113983	0.012378	0.0216736
481	0.0173003	0.0180508	0.0159787
482	0.0123898	0.0139472	0.0364616
483	0.0165895	0.0183121	0.0376093
484	0.0349332	0.0360192	0.0363622
485	0.0144003	0.0147077	0.0182019
486	0.0117223	0.01199	0.0212079
487	0.0110103	0.0114532	0.0181075
488	0.0126832	0.0137323	0.022593
489	0.015455	0.0157805	0.0167502
490	0.0328851	0.0352086	0.0529678
491	0.0125109	0.0128392	0.0185259
492	0.0107259	0.0105988	0.0151096
493	0.00924317	0.0102466	0.0173989
494	0.0226101	0.0233631	0.036762
495	0.00996083	0.010361	0.0198007
496	0.0102006	0.0104849	0.0184129
497	0.0327586	0.0348751	0.0365553
498	0.00723404	0.00803496	0.016821
499	0.0164197	0.016874	0.0181898
500	0.0185666	0.0191478	0.0223201
501	0.024403	0.0263601	0.0341693
502	0.00863313	0.009487	0.0148885
503	0.0372149	0.0395393	0.0393904
504	0.015386	0.0165195	0.0180129
505	0.0413422	0.0424626	0.0433193
506	0.00587358	0.0066565	0.018887
507	0.0293735	0.0303791	0.0404855
508	0.0187109	0.0189447	0.0407674
509	0.0213937	0.0221182	0.0451055
510	0.0113925	0.0124241	0.0201425
511	0.0136315	0.0141881	0.0194865
512	0.0285313	0.0291412	0.038836
513	0.0143355	0.0152878	0.0162341
514	0.0284802	0.0294335	0.0417651
515	0.013689	0.014174	0.0195457
516	0.0165545	0.0181217	0.044547
517	0.0090625	0.00926817	0.0175798
518	0.0118794	0.0120121	0.0258253
519	0.0271411	0.0276743	0.0312799
520	0.015226	0.0155553	0.0192796
521	0.021152	0.0232382	0.0451567
522	0.0142986	0.0148378	0.0210868
523	0.0123877	0.0127937	0.0174354
524	0.0216609	0.0224142	0.0151187
525	0.0104902	0.0105393	0.0215294
526	0.0111598	0.0116723	0.0177622
527	0.0117971	0.0121948	0.0211854
528	0.0247689	0.025674	0.0378108
529	0.0164035	0.0184325	0.0457405
530	0.0201309	0.0207372	0.038843
531	0.00816304	0.00885221	0.0223524
532	0.0185944	0.0198272	0.0196829
533	0.0306322	0.0316377	0.0389141
534	0.0111142	0.0113718	0.0175142
535	0.0122643	0.0127827	0.02169
536	0.0130442	0.0142886	0.0210249
537	0.0193539	0.0208828	0.0177786
538	0.0136108	0.0140765	0.0193647
539	0.0163223	0.0176168	0.0191787
540	0.0142765	0.015291	0.0186297
541	0.0348799	0.0360417	0.0447233
542	0.0164286	0.0168355	0.0152306
543	0.0244304	0.0263994	0.040001
544	0.0162022	0.0175735	0.0145691
545	0.00452092	0.00533683	0.0178134
546	0.0185461	0.0204122	0.0348383
547	0.0389553	0.04175	0.0334293
548	0.0139378	0.015565	0.0330066
549	0.00936358	0.00963438	0.0208123
550	0.014224	0.0153979	0.0227323
551	0.0436729	0.0446097	0.0342281
552	0.0122515	0.0132349	0.0177496
553	0.0349643	0.0359439	0.0333837
554	0.0243534	0.0262126	0.0520913
555	0.0208138	0.022457	0.0367684
556	0.025465	0.0274784	0.0379804
557	0.0144422	0.0147453	0.0228063
558	0.014513	0.0150716	0.0176729
559	0.01142	0.0114184	0.0393305
560	0.0175494	0.0180608	0.0224986
561	0.00459163	0.00531708	0.017813
562	0.0187208	0.0189895	0.045069
563	0.0114973	0.0123991	0.0201899
564	0.0143781	0.0154587	0.0162455
565	0.0164933	0.0176081	0.019646
566	0.0308299	0.0330165	0.0297908
567	0.0143158	0.0147793	0.0202173
568	0.00935046	0.009536	0.0187421
569	0.020684	0.021247	0.0154446
570	0.012736	0.0137074	0.0226282
571	0.0138934	0.0140608	0.0412358
572	0.0226495	0.0248455	0.0368282
573	0.0225064	0.0233634	0.042483
574	0.0135724	0.0142263	0.0194868
575	0.0158474	0.017729	0.038056
576	0.011287	0.0124288	0.0183527
577	0.0223138	0.0228704	0.04437
578	0.0392251	0.0405189	0.0336827
579	0.0193902	0.0202308	0.0181562
580	0.0223941	0.0230129	0.0352717
581	0.011842	0.012757	0.025778
582	0.00800821	0.00877283	0.0179527
583	0.0389311	0.0402518	0.0277152
584	0.0241846	0.0263321	0.0341812
585	0.0164159	0.0175762	0.0183402
586	0.0306873	0.0314136	0.039352
587	0.0102019	0.0113183	0.018017
588	0.02311	0.0240129	0.051701
589	0.0114623	0.0117942	0.0184062
590	0.02444	0.0264683	0.0400702
591	0.0137727	0.0141543	0.0194327
592	0.0286318	0.0292186	0.0452642
593	0.0284709	0.0306658	0.0463846
594	0.0349604	0.0357501	0.0377686
595	0.0123558	0.0137152	0.030013
596	0.0105557	0.0114794	0.023218
597	0.0142558	0.0148062	0.0135705
598	0.0114072	0.0118228	0.0184428
599	0.0143258	0.0148153	0.0225888
600	0.011148	0.0114471	0.017905
601	0.026592	0.027359	0.0412399
602	0.0132433	0.0136083	0.0236218
603	0.0101533	0.011154	0.0220122
604	0.0346943	0.0362223	0.0318472
605	0.0142724	0.0147705	0.0232673
606	0.0161384	0.0166943	0.0180728
607	0.0141064	0.0147256	0.019602
608	0.0134782	0.0137281	0.0195584
609	0.0351313	0.0374168	0.03845
610	0.0142418	0.0147148	0.0215264
611	0.0135972	0.0141234	0.0244384
612	0.0113164	0.0116857	0.017864
613	0.0248007	0.0255607	0.0435462
614	0.0328606	0.0337915	0.0400149
615	0.0189935	0.0208547	0.0507285
616	0.0163869	0.0176255	0.019655
617	0.0286762	0.030766	0.0452128
618	0.0196748	0.0203966	0.0188181
619	0.009224	0.0106774	0.0270703
620	0.0412967	0.0424089	0.0348791
621	0.00908829	0.00984413	0.019288
622	0.00861846	0.00945321	0.0149152
623	0.0101412	0.011076	0.0254826
624	0.0276621	0.028437	0.0424885
625	0.0205416	0.0206995	0.0385024
626	0.0208098	0.0219646	0.0191256
627	0.0152862	0.0160157	0.0194454
628	0.0184357	0.0191686	0.0205524
629	0.0175724	0.0187254	0.0202652
630	0.013138	0.0139157	0.0205744
631	0.0247131	0.0270073	0.0415567
632	0.00930171	0.0102985	0.0166903
633	0.00915713	0.00996229	0.0186546
634	0.0196566	0.020812	0.0169994
635	0.0136524	0.0141601	0.0175002
636	0.00933462	0.00963413	0.0187029
637	0.0185993	0.0197492	0.0180449
638	0.0165047	0.0182895	0.0458981
639	0.0269653	0.028378	0.0446802
640	0.0217855	0.0224253	0.015003
641	0.0296226	0.0304034	0.0404197
642	0.00934187	0.0102326	0.020807
643	0.0205036	0.0219156	0.0184885
644	0.0207236	0.0219533	0.019099
645	0.0391145	0.041495	0.0346809
646	0.0173875	0.0180534	0.0182396
647	0.032654	0.0351985	0.0393232
648	0.0143511	0.0147459	0.0214863
649	0.0206331	0.0212952	0.0220785
650	0.0083	0.00917012	0.018722
651	0.0207733	0.0210735	0.0386302
652	0.0135369	0.013931	0.0157187
653	0.0135657	0.0148304	0.0243901
654	0.0351017	0.0375207	0.0446353
655	0.0205703	0.021132	0.0451654
656	0.0199157	0.0221171	0.0387778
657	0.018417	0.0192052	0.0181417
658	0.0213999	0.021815	0.0450676
659	0.0143763	0.0153667	0.0191745
660	0.0137507	0.0141203	0.024462
661	0.0127712	0.0130414	0.0244873
662	0.0100156	0.0110518	0.0189666
663	0.0350584	0.0359097	0.036282
664	0.0144762	0.0148067	0.020908
665	0.0101275	0.0110848	0.0175565
666	0.0307731	0.0329917	0.0360312
667	0.04129	0.0422478	0.043303
668	0.0127335	0.0136999	0.0247666
669	0.0208115	0.0226412	0.0348258
670	0.0394427	0.0417158	0.0339291
671	0.0305648	0.0316523	0.0388309
672	0.0101743	0.0103772	0.0172376
673	0.0126756	0.0130818	0.0245392
674	0.0153762	0.0164637	0.0176978
675	0.0116869	0.0132497	0.037859
676	0.00980808	0.0109669	0.0113987
677	0.0183189	0.0192645	0.0210087
678	0.0164301	0.0168988	0.0198478
679	0.0185575	0.0191778	0.0181
680	0.0414143	0.0427041	0.0306322
681	0.0390289	0.0401825	0.0390855
682	0.0152132	0.016606	0.020346
683	0.034844	0.0372874	0.0403693
684	0.0088235	0.00946292	0.0181875
685	0.0329028	0.03498	0.0361871
686	0.0330367	0.0337958	0.0390257
687	0.0351554	0.0359369	0.036215
688	0.0366064	0.037986	0.0391668
689	0.0153177	0.0160246	0.0194278
690	0.00827588	0.00905479	0.0140973
691	0.00908933	0.00996129	0.0238518
692	0.0263633	0.0285024	0.0414194
693	0.0174555	0.0187277	0.0192675
694	0.0107097	0.0116497	0.0224725
695	0.016438	0.016831	0.0181327
696	3.33e-07	3.34e-07	5e-07
697	0.0197004	0.0200745	0.0139171
698	0.0202385	0.0220605	0.03806
699	0.0287729	0.0292798	0.0450477
700	0.0164566	0.0169767	0.0222952
701	0.0164535	0.0169379	0.0180004
702	0.01423	0.0146842	0.0224276
703	0.011226	0.0121614	0.0241127
704	0.0175267	0.0187026	0.0223887
705	0.013575	0.0140231	0.0159161
706	0.00691763	0.00720537	0.0207554
707	0.0410913	0.04294	0.0350309
708	0.0143383	0.0147552	0.0225824
709	0.014255	0.0146905	0.0215692
710	0.011182	0.0114138	0.0240808
711	0.0220908	0.0226299	0.0387825
712	0.0142599	0.0145846	0.0214747
713	0.0132716	0.0141854	0.0236057
714	0.0166252	0.0168463	0.045717
715	0.0175166	0.0180275	0.0149353
716	0.0220323	0.0227605	0.0351963
717	0.0187087	0.0204115	0.0515088
718	0.0328003	0.0351709	0.0409548
719	0.00931262	0.0102649	0.0173431
720	0.0104198	0.0106939	0.0151695
721	0.0142415	0.0147283	0.0209494
722	0.0223029	0.0242543	0.0444126
723	0.0128417	0.013103	0.0216602
724	0.039191	0.0417129	0.0423799
725	0.0135614	0.0140301	0.0175598
726	0.0271377	0.0279632	0.0318445
727	0.0235426	0.0254991	0.0422848
728	0.0208085	0.0213206	0.0440058
729	0.00694079	0.00775267	0.0206863
730	0.0143415	0.0147664	0.0232935
731	0.0110361	0.0114884	0.0179167
732	0.0287293	0.0308343	0.0267524
733	0.0307511	0.031606	0.0424502
734	0.0113048	0.0117025	0.0211933
735	0.0230003	0.0238175	0.0470878
736	0.0180309	0.0197356	0.0367036
737	0.00912267	0.00918108	0.0241032
738	0.0135278	0.0139252	0.0157247
739	0.0164543	0.0178683	0.0265569
740	0.0227607	0.0233321	0.0368102
741	0.0135905	0.0138504	0.0174633
742	0.00577	0.00571358	0.0197007
743	0.00915238	0.00995371	0.0236803
744	0.0412343	0.0438043	0.0383362
745	0.00937146	0.0102308	0.0207864
746	0.0122419	0.0132125	0.0201215
747	0.0222725	0.0241986	0.0316505
748	0.0206482	0.0212822	0.0174598
749	0.0192143	0.0194014	0.0505393
750	0.0265757	0.0273401	0.0354058
751	0.0125405	0.013509	0.0188569
752	0.0286529	0.030856	0.0466652
753	0.0159815	0.0176583	0.0357193
754	0.0199772	0.0221581	0.0355082
755	0.0349384	0.0374509	0.0364791
756	0.0284625	0.0295697	0.0276275
757	0.0132555	0.0142457	0.021555
758	0.0114318	0.0124224	0.0205432
759	0.0142923	0.0146533	0.0237724
760	2.91e-07	4.59e-07	4.58e-07
761	0.0135528	0.0139416	0.0159501
762	0.0151417	0.0165237	0.017774
763	0.0143137	0.0148525	0.022651
764	0.007793	0.00793004	0.0168939
765	0.0185423	0.0190836	0.0180515
766	0.0224102	0.0228379	0.0444479
767	0.0164309	0.018412	0.0406675
768	0.0164935	0.0181712	0.0152828
769	0.024423	0.0272951	0.0402358
770	0.00766475	0.00801221	0.0176074
771	0.0243845	0.0265567	0.0412557
772	0.0110413	0.011293	0.0177043
773	0.0125071	0.0137088	0.0227041
774	0.0141493	0.0146273	0.0232252
775	0.0105213	0.0116116	0.0221574
776	0.013077	0.0142315	0.0209707
777	0.012339	0.0138937	0.026463
778	0.00910342	0.00997929	0.0238589
779	0.0117692	0.0125699	0.0211674
780	0.0179515	0.0184472	0.0352048
781	0.0118529	0.0127824	0.0258845
782	0.0181097	0.0186144	0.0353037
783	0.0143147	0.0146975	0.0201814
784	0.00909113	0.00930675	0.0207374
785	0.0111591	0.0113983	0.0175778
786	0.014797	0.0154481	0.020303
787	0.011357	0.0115976	0.0141282
788	0.0202405	0.0220745	0.0343929
789	3.75e-07	7.08e-07	6.25e-07
790	0.0436347	0.0447994	0.0377986
791	0.0243578	0.0264442	0.0410077
792	0.0113467	0.0117738	0.0178097
793	0.00959692	0.0106056	0.0207537
794	0.0286076	0.0292494	0.0392015
795	0.0368957	0.0382406	0.0361701
796	0.0283224	0.0291061	0.0470118
797	0.0351856	0.035853	0.0446862
798	0.016515	0.0175561	0.0155259
799	0.00917479	0.00963408	0.0187409
800	0.00825325	0.00916312	0.0140477
801	0.0124878	0.0127936	0.0186428
802	0.0391232	0.0404591	0.0276985
803	0.0153813	0.0158045	0.0192337
804	0.00936812	0.00969521	0.0252588
805	0.0328284	0.0353005	0.0412427
806	0.0182973	0.018979	0.0181175
807	0.0266195	0.0273442	0.0354822
808	0.0348224	0.0359493	0.0380014
809	0.0137621	0.0148244	0.024825
810	0.0175609	0.0181324	0.0152593
811	0.0112294	0.0122178	0.0223116
812	0.0195997	0.0202698	0.014097
813	0.0165597	0.0182193	0.0444301
814	0.00697796	0.00838858	0.0144258
815	0.015376	0.0164473	0.0194402
816	0.00690908	0.00775837	0.0207695
817	0.009368	0.0102245	0.0203642
818	0.0410815	0.0425393	0.0347791
819	0.0124687	0.0135203	0.0170729
820	0.0191399	0.021131	0.0430863
821	0.0174849	0.018094	0.0181516
822	0.0328347	0.0336997	0.030288
823	0.0141661	0.0145921	0.0233391
824	0.0329935	0.0336257	0.0444864
825	0.0153928	0.015789	0.0196212
826	0.0173801	0.0186526	0.0181105
827	0.039114	0.0416808	0.0346713
828	0.00925033	0.00968708	0.0231408
829	0.0284853	0.0292265	0.039316
830	0.0328694	0.0337912	0.0407739
831	0.0345657	0.0374172	0.0446563
832	0.00193929	0.00212058	0.007149
833	0.00945521	0.010157	0.0204923
834	0.0213848	0.0236002	0.0481481
835	0.0165607	0.0168655	0.0457672
836	0.0142097	0.014796	0.0209477
837	0.0143072	0.0147026	0.0201247
838	0.00996596	0.010335	0.0192207
839	0.0133397	0.0140307	0.0174658
840	0.0142246	0.0147627	0.0215541
841	0.0132765	0.013699	0.0206446
842	0.00723504	0.00804192	0.0148996
843	0.00763992	0.00787142	0.0168632
844	0.00736354	0.00829488	0.0149547
845	0.0116597	0.0120422	0.0258733
846	0.0433844	0.044548	0.029703
847	0.0392771	0.0402406	0.0391242
848	0.00667829	0.00750508	0.0182398
849	0.0143722	0.016037	0.0299259
850	0.0122429	0.0131612	0.0186045
851	0.019635	0.0207952	0.017322
852	0.0163112	0.0169222	0.0207519
853	0.0186548	0.0205008	0.0478705
854	0.0175136	0.0180977	0.0202983
855	0.0267532	0.0274462	0.0447318
856	0.0266004	0.0270913	0.0410838
857	0.0248188	0.0269988	0.0432946
858	0.0283879	0.0294049	0.0430595
859	0.0328233	0.0337491	0.0397005
860	0.020563	0.0226439	0.0406228
861	0.00344275	0.00414738	0.0118741
862	0.007347	0.00828667	0.0182033
863	0.00765429	0.00800937	0.0169335
864	0.0111666	0.011423	0.0194346
865	0.0164278	0.0176074	0.0145103
866	0.0206447	0.0213247	0.015499
867	0.0103739	0.0112828	0.0183524
868	0.00934254	0.0102065	0.025749
869	0.0132645	0.0144257	0.0176793
870	0.0197237	0.020878	0.0178235
871	0.0196367	0.020948	0.0167803
872	0.0123265	0.0138704	0.0362958
873	0.0349818	0.0360302	0.032158
874	0.0255035	0.0262578	0.043602
875	2.5e-07	3.34e-07	5e-07
876	0.0101608	0.0106289	0.01522
877	0.0122868	0.0127964	0.0216637
878	0.019688	0.0202163	0.0182533
879	0.0274799	0.028146	0.038819
880	0.0129338	0.0131415	0.0216616
881	0.032969	0.0352295	0.0409593
882	0.0143656	0.0147044	0.0209508
883	0.0181947	0.0183781	0.0414447
884	0.0111706	0.0113692	0.0179927
885	0.0112967	0.0125528	0.02196
886	0.00935783	0.00985187	0.0255197
887	0.0170659	0.0188192	0.045126
888	0.00930479	0.00964292	0.0187435
889	0.00903233	0.00929654	0.0239355
890	0.0207854	0.0212188	0.0386502
891	2.08e-07	4.16e-07	3.75e-07
892	0.0161637	0.0170602	0.015202
893	0.0152323	0.0163598	0.0149727
894	0.0109644	0.0121486	0.0219063
895	0.0392788	0.0403375	0.0392857
896	0.0114335	0.0123786	0.0180432
897	0.0211846	0.0230278	0.0506044
898	0.0122507	0.0132808	0.0202386
899	0.0181447	0.018588	0.0415234
900	0.013552	0.0138908	0.0175708
901	0.0244983	0.0248389	0.0520575
902	0.0117299	0.0133234	0.0227749
903	0.0307803	0.0329282	0.0344447
904	0.00690388	0.00778371	0.0206797
905	0.00905854	0.00993025	0.0182923
906	0.017161	0.0186976	0.0223073
907	0.016524	0.0175576	0.0183533
908	0.0207575	0.0212069	0.0388228
909	0.0284626	0.0307381	0.0385245
910	0.00342646	0.00417688	0.0117586
911	0.00992142	0.0109198	0.0175392
912	0.0211911	0.0230682	0.050669
913	0.0114377	0.0124017	0.0220649
914	0.0221296	0.024301	0.0471992
915	0.0104458	0.0107076	0.0220057
916	0.0262725	0.0286821	0.0428742
917	0.0276014	0.0286651	0.0426276
918	0.0230088	0.0248504	0.040467
919	0.00932646	0.0102243	0.0207805
920	0.0114722	0.0118535	0.0185876
921	0.0208155	0.022869	0.044029
922	0.00741825	0.00823088	0.0183151
923	0.0102034	0.0113406	0.0225293
924	0.0306018	0.0317235	0.0334449
925	0.00860637	0.00945396	0.0148794
926	0.0371051	0.0378527	0.036321
927	0.0249026	0.0256386	0.0376927
928	0.0178018	0.0199285	0.047398
929	0.0137656	0.0155133	0.0329975
930	0.0153945	0.0164727	0.0176707
931	0.035013	0.0373836	0.0382617
932	0.00620104	0.00697883	0.013196
933	0.0140644	0.0147557	0.0135467
934	0.0409361	0.042298	0.0431604
935	0.00726708	0.00837121	0.0182367
936	0.0222195	0.024134	0.0314709
937	0.00801687	0.00885742	0.017148
938	0.0306256	0.0314346	0.0383368
939	6.66e-07	3.75e-07	3.34e-07
940	0.0142765	0.0146525	0.0216067
941	0.0416318	0.0427339	0.0307731
942	0.0132815	0.0143353	0.0197563
943	0.010384	0.0107448	0.02266
944	0.0328447	0.035307	0.038054
945	0.0127994	0.0130606	0.0215815
946	0.00955758	0.0104495	0.0243937
947	0.00933292	0.00966475	0.0206644
948	0.0392278	0.0404668	0.0338828
949	0.0114827	0.0124034	0.0203
950	0.0145519	0.0160784	0.030419
951	0.0216835	0.022557	0.0171629
952	0.0229296	0.0235125	0.0289972
953	0.0103897	0.0105529	0.0217937
954	0.0164666	0.017634	0.0205216
955	0.0218485	0.0228053	0.0446233
956	0.0116513	0.0133913	0.0227914
957	0.0412018	0.0421609	0.0348297
958	0.0113902	0.0116894	0.0220271
959	0.0151363	0.0158796	0.0213869
960	0.0388937	0.0402331	0.0391799
961	0.0180402	0.019931	0.0387135
962	0.0153569	0.0164055	0.0193954
963	0.0296745	0.0303674	0.0408021
964	0.0165974	0.0181296	0.0444748
965	0.0145047	0.0161196	0.0423985
966	0.032831	0.0350005	0.0290004
967	0.0168406	0.0182383	0.040709
968	0.0286403	0.0293184	0.0394148
969	0.011133	0.0113675	0.022288
970	0.0132789	0.014319	0.0213832
971	0.00936933	0.0102455	0.0173613
972	0.0212705	0.022989	0.046387
973	0.0328275	0.035251	0.038109
974	0.0174528	0.0180547	0.0188887
975	0.0111367	0.0114002	0.0179631
976	0.0100867	0.0104211	0.0172745
977	0.0174868	0.0179974	0.0187732
978	0.0164895	0.0176028	0.0155362
979	0.00349308	0.00422471	0.00723696
980	0.0143448	0.0153456	0.0192219
981	0.0148406	0.01647	0.0297932
982	0.0241765	0.0265423	0.0402081
983	0.0201832	0.022044	0.0380628
984	0.0122177	0.0131414	0.0205957
985	0.0196192	0.0209643	0.0169738
986	0.0264111	0.0283665	0.0422807
987	0.0101124	0.0109501	0.0218647
988	0.0408013	0.0423937	0.0430684
989	0.0122592	0.012368	0.0226765
990	0.0370114	0.0379417	0.0409938
991	0.0174466	0.0180314	0.0234039
992	0.012488	0.0135217	0.0216408
993	0.018655	0.0203777	0.051533
994	0.00934629	0.00963263	0.0209757
995	0.00909383	0.0102104	0.0235847
996	0.0121684	0.0138988	0.0297965
997	0.0133215	0.0139045	0.0176335
998	0.0389185	0.040408	0.0374852
999	0.0205971	0.0223899	0.0399195
1000	0.0144385	0.0146099	0.0214917
